United States,
Transplant Center Primary Contacts,
Transplant Center Coordinators,
Transplant Center Medical Directors,
Transplant Center Physicians,
Transplant Center Data Managers,
Transplant Center Patient Advocates,
Transplant Center Patient Insurance Staff,
Transplant Center Social Workers,
Transplant Center Staff,
webscripts,
translink,
Search Assistance,
Network Web Site,
FormsNet Coordinator,
RC10194,
SAT Cord Search,
FormsNet,
Transplant Center Financial-Business Staff,
traxis_allele_code_lookup,
traxis_activate_donors,
traxis_maintain_users,
traxis_manage_workflow,
traxis_manage_secondary_tc_code,
traxis_patient_file_update,
traxis_search_execution,
traxis_search_summary_view,
traxis_manage_standard_physician_infor,
traxis_translink_tc_administrator,
traxis_electronic_workup,
Traxis Users,
FormsNet2_Training,
traxis_view_donor_file,
CBA_Study_TC,
traxis_patient_lookup,
CM_CASE_MANAGER,
traxis_forms_due_read,
formsnetweb,
TC579
