cram_reports_user,
CM_Case_Manager,
Formsnet,
Formsnet3,
Formsnetweb,
Formsnet_view_all,
Network web site,
Search and Transplant Services,
SSLVPN,
translink,
translinktraining_external,
Traxis Users,
traxis_activate_donors,
traxis_allele_code_lookup,
traxis_case_manager,
traxis_electronic_workup,
traxis_forms_due_read,
traxis_maintain_users,
traxis_manage_secondary_tc_code,
traxis_manage_standard_physician_infor,
traxis_manage_workflow,
traxis_patient_file_read,
traxis_patient_file_update,
traxis_patient_lookup,
traxis_search_execution,
traxis_search_strategist,
traxis_search_summary_view,
traxis_translink_tc_administrator,
traxis_view_donor_file,
Transplant Center Primary Contacts,
UCMSearchCoordinatorOne,
United States,
View All CB,
View All CO,
View All DC,
View All TC,
Webscripts
